EVENT CATEGORY,EVENT GROUP,EVENT SUBGROUP,EVENT TYPE,PLACE,EVENT START DATE,COMMENTS,FATALITIES,INJURED / INFECTED,EVACUATED,ESTIMATED TOTAL COST,NORMALIZED TOTAL COST,EVENT END DATE,FEDERAL DFAA PAYMENTS,PROVINCIAL DFAA PAYMENTS,PROVINCIAL DEPARTMENT PAYMENTS,MUNICIPAL COSTS,OGD COSTS,INSURANCE PAYMENTS,NGO PAYMENTS,UTILITY - PEOPLE AFFECTED,MAGNITUDE
Disaster,Natural,Meteorological - Hydrological,Wildfire,British Columbia,9/8/2020 12:00:00 AM,"In mid-September, serious wildfires burning in California, Oregon and Washington caused plumes of smoke to travel to British Columbia and Alberta. Special air quality statements and advisories were issued on September 8th for parts of southern British Columbia. By September 15th, the bulletins extended as far as Williams Lake, and then to Terrace 2 days later. The air quality advisories continued to September 21. Because of the wildfire smoke, it is reported that Vancouver experienced some of the worst air quality conditions in the world and particulate matter was six times higher than the 2017 and 2018 fire seasons in BC. Canada Post suspended mail delivery in some locations in central and southern BC. Air quality alerts were also issued for southwestern Alberta. Plumes of wildfire smoke were also reported across Canada and as far as Atlantic Canada.",,0,0,,,9/21/2020 12:00:00 AM,,,,,,,,,
Disaster,Natural,Meteorological - Hydrological,Wildfire,Pikangikum First Nation,5/30/2019 12:00:00 AM,"In May of 2019, the Pikangikum First Nation was threatened by a large wildfire (Red Lake 14). The community declared a state of emergency, and the Canadian Armed Forces began evacuations of the community on May 30th using a CC-130 Hercules aircraft. Roughly, 2,500 residents were evacuated.",0,0,2500,,,6/10/2019 12:00:00 AM,,,,,,,,,
Disaster,Natural,Meteorological - Hydrological,Wildfire,"High Level, Alberta",5/12/2019 12:00:00 AM,"Persistent drought conditions had been recorded in northwestern Alberta since July of 2018 and were ideal for wildfire. On May 11th, the Chuckegg Creek wildfire was discovered by a lookout and was most likely initiated the evening before by a lightning strike. In the late afternoon of May 17th, high winds fanned the fire and it was declared out of control. The fire grew from 23 km2 (2,300 ha) to over 714 km2 (71,400 ha) between May 17th and 20th. As a result, over 3,000 residents of Mackenzie County, the Town of High Level and the Dene Tha' First Nation were evacuated; residents of Keg River and Carcajou were also evacuated. They were able to return home between June 2nd and 5th. The fire led to  more evacuations in June and included the Hamlet of La Crete, Beaver First Nation and the community of Blue Hills. On May 31st, the Province of Alberta requested federal assistance. The Chuckegg Creek wildfire fire was deemed out of control for 98 days and burned a total of 3,501 km2 (350,135 ha). It was declared under control on August 18th. The Paddle Prairie Metis Settlement and the Thompkins Landing/Blue Hills areas were impacted by the wildfire. In Paddle Prairie Metis Settlement, for example, there was both physical and cultural impacts including 16 homes that were destroyed and significant loss to several traditional medicine gathering sites. Two other major fires occurred in northern Alberta during that season - the McMillian and Battle fires - in total roughly 20 communities (15,000 individuals) were affected by evacuations.",0,0,3000,,,8/18/2019 12:00:00 AM,,,,,,,,,
Disaster,Natural,Meteorological - Hydrological,Wildfire,British Columbia,8/15/2018 12:00:00 AM,"British Columbia and its interior and south coast regions experienced exceptionally hot and dry weather in May and throughout the summer. For 2 consecutive years, the BC wildfire seasons were record-breaking. At the end of the season, there was a reported 2,091 fires that burned over 1.35 million hectares of land; more than the previous record. A provincial State of Emergency was declared on August 15th and eventually cancelled on September 7th.",,,,,,,,,,,,,,,
"In August during the peak of the fire season, over 10 million Canadians were exposed to exposed to smoke-polluted air ‚Äì Calgary had 478 hours of smoke and haze which is almost 40 times their normal amount.",,,3200,0,,9/7/2018 12:00:00 AM,,,,,,,,,,,,,,,
Disaster,Natural,Meteorological - Hydrological,Wildfire,Ontario,7/3/2018 12:00:00 AM,"2018 was an exceptionally busy fire season in Ontario with nearly twice as many fires and more than double the burned area than the 10-year average. At the end of the season, there was a reported 1,325 fires that burned over 275,000 ha of land. In July alone, 549 fires were recorded. Over 900 out-of-province personnel were brought in from 9 provinces and territories, the United States and Mexico. ",,,,,,,,,,,,,,,
"Some of the most notable fires were: Nipigon 30 which was the largest fire and burned almost 33,000 ha; and both Parry Sound 33 and the Temagami fire cluster led to multiple evacuation orders of communities, the closure of provincial parks, and air quality advisories.",,,,0,,9/1/2018 12:00:00 AM,,,,,,,,,,,,,,,
Disaster,Natural,Meteorological - Hydrological,Wildfire,"Little Grand Rapids, Manitoba",5/21/2018 12:00:00 AM,"Abnormally dry conditions had been recorded throughout parts of southern Manitoba in 2017 and into 2018. By the end of March, dry conditions began to extend into northern Manitoba, and in May these conditions existed across nearly the entire province. Several wildfires were reported across northern Manitoba in May. Around May 21st, a human-caused fire was initiated near the Indigenous communities of Little Grand Rapids First Nation and Pauingassi First Nation that led to an evacuation - roughly 1,790 residents were evacuated with assistance from the Canadian Armed Forces as well as other Government of Canada departments. The Red Cross also helped in the effort. Residents were able to return home in late June. Throughout the fire season, communities across Manitoba threatened by fire were evacuated including Sapotaweyak Cree Nation and Kinonjeoshtegon First Nation, Black Sturgeon Falls, and Shoal River. Although the 2017 fire season in Manitoba was only slightly above average, over 180 firefighters from Ontario and resources from Quebec were needed in the fire efforts.",0,0,1790,,,8/15/2018 12:00:00 AM,,,,,,,,,
Disaster,Natural,Meteorological - Hydrological,Wildfire,"Island Lake Area, Manitoba",8/30/2017 12:00:00 AM,"Abnormally dry conditions in northern Manitoba progressed throughout July and into August of 2017; this created ideal fire conditions. In the last week of August, a large wildfire moved to within 1 km of the Wasagamack First Nation; this led to the evacuation of the entire community. Residents were first evacuated by boat to St. Theresa Point First Nation and then flown to host communities. St. Theresa Point FN and Garden Hill FN were also evacuated. The Canadian Armed Forces assisted in the evacuation efforts and Red Cross with the relief efforts. By September 8th, the 288 km2 (28,800 ha) fire was being held within 1 km of the Wasagamack First Nation.",0,0,0,,,9/16/2017 12:00:00 AM,,,,,,,,,
Disaster,Natural,Meteorological - Hydrological,Wildfire,British Columbia,7/7/2017 12:00:00 AM,"Canada‚Äôs western region, including British Columbia, experienced record-breaking hot and dry weather. Up until 2017, this was the worst fire season on record. From July 6-8, a total of 190 fires started - 108 fires on July 7th alone. For the first time in 15 years, there was a province-wide State of Emergency which lasted 70 days and was the longest in BC‚Äôs history. At the end of the season, there was a reported 1,265 fires that burned 1.2 million hectares of land; 30% more than the previous record. At the peak of fire activity, there were 4,700 personnel fighting wildfires across the province including 1,200 out-of-province personnel from Australia, Mexico, New Zealand, the United States, and other provinces and territories. For the first time since 2003, the Canadian Armed Forces were also brought in. Over 300 structures burned in addition to 100s of power poles and transmission towers. The total cost of this record-breaking fire season is estimated to be over $700 million, including over $568 million in firefighting costs and $130 million in insured property losses.",,,,,,,,,,,,,,,
"Some of the notable fires were: The Plateau Complex fires in which 20 fires merged on the Chilcotin Plateau and burned 545,151 ha of land ‚Äì the same size as PEI and the largest in BC‚Äôs recorded history. The Elephant Hill fire was exceptionally devastating and burned 123 homes, and significantly impacted 23 First Nation communities. The Central Cariboo Complex fire measured 31,181 ha led to the evacuation order of the city of Williams Lake which has a population of over 10,000 people.",,,65000,130000000,,9/15/2017 12:00:00 AM,,,,,,130000000,,,,,,,,,
Disaster,Natural,Meteorological - Hydrological,Wildfire,West Kelowna BC,8/21/2016 12:00:00 AM,"West Kelowna BC, August 21-25, 2016. A wildfire broke out on the evening of August 21, near Bear Creek Provincial Park located north of West Kelowna. The Central Okanagan Regional District ordered an evacuation of 156 homes (approximately 468 individuals). In addition, campers from the Bear Creek Provincial Park were also evacuated. Firefighting crews quickly gained control of the blaze, which was 52 hectares in size and 60 per cent contained by August 22. Evacuation orders were lifted for 51 homes and campers were temporarily allowed into their campsites to remove possessions, vehicles and trailers on August 22. The wildfire was 100 per cent contained by January 25.",,,468,0,0,8/25/2016 12:00:00 AM,,,,,,,,,
Disaster,Natural,Meteorological - Hydrological,Wildfire,Burns Bog BC,7/3/2016 12:00:00 AM,"Burns Bog BC, July 3-6, 2016. A wildfire 78 hectares in size burned in the Burns Bog Delta Nature Reserve, located near Surrey British Columbia. The fire prompted a local state of emergency due to its proximity to suburban residential streets and an industrial complex. Delta‚Äôs Tilbury Industrial Park, which is comprised of 25 commercial businesses, was evacuated on July 3 and workers were unable to return until July 6. A section of Highway 17, from Highway 99 to the Highway 91 connector, temporarily closed as the fire burned dangerously close to the road. Burns Bog is the largest raised peat bog and the largest undeveloped urban land mass in the North American west coast. Officials predict that it could take up to a century for the bog to be completely restored.",,,,0,0,7/6/2016 12:00:00 AM,,,,,,,,,
Disaster,Natural,Meteorological - Hydrological,Wildfire,Easterville and Chemawawin MB,6/23/2016 12:00:00 AM,"Easterville and Chemanwawin MB, June 23-27, 2016. Evacuation orders were issued for the communities of Easterville and Chemanwawin Cree Nation, located 450 kilometres north of Winnipeg, due to smoke and the threat of a wildfire that came within half a kilometre of the two communities. There were three fires burning in the area at the time. The fire closest to Easterville and Chemanwawin reached a peak size of 350 hectares. Two water bombers, four bulldozers and seven ground crews kept the fire from reaching the communities. Approximately 2000 people from Chemawawin were evacuated and brought to Winnipeg and approximately 70 people from Easterville were evacuated and brought to The Pas. The Canadian Red Cross along with the help of the Indigenous and Municipal Relations (IMR) assisted with the coordination of the evacuation.",,,2070,0,0,6/27/2016 12:00:00 AM,,,,,,,,,
Disaster,Natural,Meteorological - Hydrological,Wildfire,Fort McMurray AB,4/30/2016 12:00:00 AM,"Fort McMurray AB, April 30 to June 1, 2016. In May 2016, wildfires broke out in northern Alberta resulting in the most expensive natural disaster in the history of Canada. The city of Fort McMurray, located in the heart of the Athabasca oil sands, was hit by a massive system of wildfires that swept through the Regional Municipality of Wood Buffalo. The first wildfire was discovered on April 30, north of Fort McMurray. The Regional Municipality declared a local state of emergency and a mandatory evacuation order for Centennial Park on May 1 as well as another evacuation order for Prairie Creek and Centennial Trailer Park on May 2. The Fort McMurray fire grew rapidly due to hot and dry weather conditions, doubling in size to 2,656 hectares in a manner of hours. On May 3, the wildfire intensified and crossed over Highway 63, cutting off the route to evacuees, prompting the Athabasca Chipewyan First Nation to declare a state of local emergency and a mandatory evacuation order for Fort McMurray‚Äôs Lower Townsite and downtown area, which included the communities of Gregoire, Beacon Hill, Abasand, Waterways, Draper, Saline Creek, Grayling Terrace, Thickwood, Wood Buffalo and Dickinsfield. Later in the day the entire city of Fort McMurray was under a mandatory evacuation order. During the evacuations two people were killed in a car crash. On May 4, the Alberta government declared a provincial state of emergency. The Fort McMurray fire quickly grew to 85,000 hectares as the wildfire spread further north and east eventually passing through Fort McMurray. Evacuees that fled north of Fort McMurray had to be air lifted to safety. Some evacuees were taken to Lac La Biche, while the majority where sent to Edmonton and Calgary. On May 10, two of the main Fort McMurray fires joined together and formed a massive blaze of 229,000 hectares. On May 16, all workers in work camps and oil sand operations north of Fort McMurray were forced to move south as the wildfire spread further north. Residents of Fort McMurray were allowed to return home on June 1. In total, the Fort McMurray fires burned approximately 579,767 hectares of land causing the evacuation of over 90,000 people and destroyed 2,400 homes and business, including 530 other buildings that were damaged. At its peak, there were over 2000 firefighters working the fires daily, including helicopters and water bombers. In addition, firefighters received help from 200 firefighters from the United States, 60 from Mexico and 298 from South Africa. Firefighters and emergency response personnel received help from the Canadian Red Cross who assisted with evacuation efforts.",2,,90000,4068678000,190125140.2,6/1/2016 12:00:00 AM,468678000,,,,,3600000000,,,
Disaster,Natural,Meteorological - Hydrological,Wildfire,"Paul First Nation, AB",4/18/2016 12:00:00 AM,"Paul First Nation, AB, April 18-21, 2016. A state of emergency was issued for the Paul First Nation community located on Lake Wabumun, 70 km west of Edmonton. A large wildfire burned dangerously close to the community threatening 21 homes in the northeast corner of the reserve. The wildfire that destroyed one home forced the evacuation of 164 people outside the community of 1,100 residents. Wildfires burning around Edmonton destroyed two homes, injured two firefighters and destroyed one fire truck.",,2,164,0,0,4/21/2016 12:00:00 AM,,,,,,,,,
Disaster,Natural,Meteorological - Hydrological,Wildfire,Northern Saskatchewan,7/1/2015 12:00:00 AM,"Northern Saskatchewan, July 1-18, 2015. The 2015 wildfire season in Saskatchewan featured an unprecedented number of wildfires that consequently caused the biggest fire evacuation effort in Saskatchewan‚Äôs history to date. More than 13,000 people from 54 different communities had to be evacuated from their homes in Northern Saskatchewan due to over 720 wildfires that burned nearly 1.8 million hectares of land. The two most severely impacted communities were La Ronge and Montreal Lake. Approximately 7,900 residents of La Ronge Indian Band were forced to evacuate, while in Montreal Lake approximately 1,500 residents evacuated due to several wildfires that destroyed six buildings in the area. Up to 1,500 members of the Canadian Armed Forces were sent to the La Ronge area to assist firefighters.",,,13000,92191000,4369241.7,7/18/2015 12:00:00 AM,92191000,,,,,,,,
Disaster,Natural,Meteorological - Hydrological,Wildfire,British Columbia,5/9/2015 12:00:00 AM,"British Columbia, May 9 to September 11, 2015. The 2015 wildfire season in British Columbia was the worst on record, in terms of number of fires and hectares burned, to impact the province in 10 years. During the wildfire season that spanned from May to September, over 1,800 fires burned over 300,000 hectares of land. Approximately two thirds of the fires were caused by lighting. The season began early with the discovery of the Little Bobtail Lake fire on May 9. Many fires were within a close proximity of urban areas prompting evacuation orders and alerts across the province. A number of communities were affected by evacuation orders and alerts. Evacuation orders were issued for 141 homes in Joe Rich Kelowna, 70 homes in West Kelowna, 150 homes in Port Hardy and 110 homes in Testalinden, including others. In Puntzi Lake, 90 homes were evacuated and 18 structures were destroyed, while in Rock Creek 330 homes were evacuated and 30 homes as well as 15 other structures were destroyed. Across the province, 1,144 homes (approximately 3,432 individuals) were evacuated due to wildfires. BC Hydro was forced to cut power to certain communities as a precaution, like in West Kelowna where power was cut to 100 customers (approximately 300 individuals). Additional personnel and resources were needed to help battle to above average number of fires burning throughout the province including 310 out-of province firefighters as well as firefighters from Australia, South Africa and the United states. In total, 2,500 firefighters and support workers were working across the province during the peak of the wildfire season. One man was fatally injured while felling a danger tree at the Old Sechelt Mine fire.",1,,3432,20401000,966872,9/11/2015 12:00:00 AM,20401000,,,,,,,300,
Disaster,Natural,Meteorological - Hydrological,Wildfire,British Columbia,7/1/2014 12:00:00 AM,"British Columbia, July 1 to September 30, 2014. A significant heat wave across British Columbia in July and August led to record breaking dry conditions and ‚Äúhigh‚Äù to ‚Äúextreme‚Äù fire danger ratings in most of the province. Almost 360,000 hectares of land was burned ‚Äìthe third highest in the history of the province. Over 4,500 people were forced to evacuate throughout the season with the largest evacuations taking place in West Kelowna where 2,500 people fled and Hudson‚Äôs Hope where 1,150 people fled in July due to wildfires. At its peak, over 3000 firefighters and frontline crews worked at combating the fires, and as a result, significant damage to infrastructure and communities was avoided. As of November 2014, the Government of British Columbia estimated it spent approximately $300 million dollars responding to wildfires for the 2014 season.",0,0,4500,300000000,14376996.8,9/30/2014 12:00:00 AM,,,300000000,,,,,,
Disaster,Natural,Meteorological - Hydrological,Wildfire,Northwest Territories,6/1/2014 12:00:00 AM,"Northwest Territories, July 1 to September 18, 2014. Abnormally dry conditions and high temperatures fed peak wildfire conditions during the 2014 fire season. By mid-July, 168 separate fires were burning throughout the territory. Voluntary and mandatory evacuations were issued in June and July, most notably in the town of Kakisa where 60 residents were evacuated to Hay River and Fort Providence. The Taltson hydroelectric facility was temporarily shut down as a precautionary measure due to fires that threatened the main transmission lines. By the end of the wildfire season, over 3.5 million hectares of land was burned, the most in over 30 years. In total, 385 fires burned throughout the territory in 2014, 57 per cent more than the annual average. The Government of the Northwest Territories spent $55 million dollars fighting wildfires in 2014, more than eight times the average cost.",0,0,60,55000000,2635782.7,9/18/2014 12:00:00 AM,,,55000000,,,,,,
Disaster,Natural,Meteorological - Hydrological,Wildfire,Vita MB,10/2/2012 12:00:00 AM,"Vita MB, October 2-3, 2012.  The town of Vita, south of Winnipeg, declared a state of local emergency in the face of wildfires on October 2.  Fuelled by high winds and extremely dry conditions, the wildfire forced the immediate evacuation of approximately 300 people to nearby Steinbach where they were received at the Steinbach Mennonite Church. Evacuees were allowed to return home on October 3, as the fire passed the town and moved south. Three homes and one bridge in the area were destroyed. The fire also affected residents of the rural municipality of Tache and the community of Ross, 120 of whom were also evacuated until the fire passed.",,,300,0,0,10/3/2012 12:00:00 AM,,,,,,,,,
Disaster,Natural,Meteorological - Hydrological,Wildfire,Lethbridge and Coalhurst AB,9/10/2012 12:00:00 AM,"Lethbridge and Coalhurst AB, September 10-11, 2012. Two large grass fires prompted local states of emergency and evacuations in southern Alberta. The first fire originated in the Blood Reserve near Coalhurst and Lethbridge. Approximately 2,200 residents in Coalhurst as well as residents in a Lethbridge trailer park were evacuated and sent to safe zones in Lethbridge. A second grass fire burned near the town of Milk River were approximately 800 people were evacuated to the nearby town of Raymond.  Both grass fires damaged several sheds and outbuildings and destroyed one house. There was also one fire related injury reported. Residents were allowed to return to their homes on September 10 in Coalhurst and September 11 in Lethbridge.",0,0,3000,0,0,9/11/2012 12:00:00 AM,,,,,,,,,
Disaster,Natural,Meteorological - Hydrological,Wildfire,Peachland BC,9/9/2012 12:00:00 AM,"Peachland BC, September 9-12, 2012.  A forest fire was reported on September 9 in Trepanier Bench in Peachland, British Colombia. Strong winds at speeds estimated between 30 to 40 km/h spread the fire quickly. An evacuation order for approximately 1,550 residents went into effect on September 9.  The District of Peachland immediately opened Reception Centres to support evacuated residents. The Central Okanagan Emergency Operation Centre was in full operation and supported firefighting efforts from BC Wildfire Management, West Kelowna, Peachland, and Kelowna. The Regional District Parks Services closed the Trepanier Creek Greenway Regional Park until a hazard assessment was conducted and the area deemed safe for the public. Evacuated residents began returning on September 10 with the last 258 evacuees returning on September 12. Three homes and several buildings were destroyed during the fire.",0,0,1550,0,0,9/12/2012 12:00:00 AM,0,0,,,,,,,
Disaster,Natural,Meteorological - Hydrological,Wildfire,Sandy Lake First Nation ON,7/31/2012 12:00:00 AM,"Sandy Lake ON, July 31 to August 6, 2012. The Sandy Lake First Nation declared a state of emergency due to the risk of smoke from wildfiresfires in northern Ontario. A total of 637 residents were evacuated to Thunder Bay and Fort Frances. Evacuees began returning to their homes on August 5, with the remaining evacuees allowed to return home on August 6.",0,0,637,0,0,8/6/2012 12:00:00 AM,,,,,,,,,
Disaster,Natural,Meteorological - Hydrological,Wildfire,Island Lake and Garden Hill MB,7/23/2012 12:00:00 AM,"Island Lake and Garden Hill MB, July 23 to August 1, 2012. The smoke from a wildfire forced the evacuation of hundreds of people from communities within the region of Island Lake and Garden Hill. By July 30, the total amount of evacuees had climbed to 1,428 and were sheltered in the communities of Brandon, Gimli, Morris, Portage la prairie, and Winnipeg.",0,0,1428,0,0,8/1/2012 12:00:00 AM,,,,,,,,,
Disaster,Natural,Meteorological - Hydrological,Wildfire,Mackenzie County AB,7/11/2012 12:00:00 AM,"Mackenzie County AB, July 11-20, 2012. As many as 11 wildfires burned out of control in Mackenzie County in northwestern Alberta, leading to two community evacuations.  All Zama residents, including work camps were evacuated under a mandatory evacuation order on Tuesday, July 10 until July 20.  The Zama access road was closed and a controlled barricade was set up at the Assumption Bypass/Apache Road into Zama to ensure that only authorized personnel were allowed access.  A reception centre for evacuees was set up in the town hall of High Level. There were approximately 300 evacuees, including 134 from Zama and 164 from the Dene Tha‚Äô First Nation. The evacuation order was lifted July 17. Firefighters from Yukon, New Brunswick, Ontario, Alaska, and Mexico, along with helicopters and other equipment, joined over 300 firefighters already taking shifts to battle the fires in northern Alberta. Alberta‚Äôs Environment and Sustainable Resource Development (ESRD) provided sprinkling protection systems for all north end homes with additional sprinkling systems having been ordered to protect the homes located in the Zama interior.  A sprinkling system for the fireguard along the containment line was also provided by ESRD.  On July 17, Alberta Health Services issued an air quality advisory for residents in the La Crete area with respiratory concerns, advising them to visit the advanced ambulatory care centre located in the La Crete Community Health Centre. The advisory was lifted July 23.",0,0,300,0,0,7/20/2012 12:00:00 AM,,,,,,,,,
Disaster,Natural,Meteorological - Hydrological,Wildfire,Northwest River and Sheshatshiu NL,6/24/2012 12:00:00 AM,"North West River and Sheshatshiu NL, June 24-25, 2012. Two local states of emergency were declared when wildfires threatened the communities of North West River and Sheshatshiu. There were over 1000 residents who had to be evacuated and air lifted to safety. Approximately 700 evacuees were accommodated at Canadian Forces Base Goose Bay and 300 were accommodated in emergency housing in Happy Valley-Goose Bay. The evacuation order was lifted on June 25 and residents were allowed to return to their homes.",0,0,1000,0,0,6/25/2012 12:00:00 AM,,,,,,,,,
Disaster,Natural,Meteorological - Hydrological,Wildfire,Sheshatshiu NL,6/23/2012 12:00:00 AM,"North West River and Sheshatshiu NL, June 23-25, 2012. On June 23, the Department of Natural Resources Forestry Division recommended a mandatory evacuation of the communities of North West River and Sheshatshiu First Nation, located approximately 20 kilometers north of Goose Bay, due to smoke and the threat from wildfires. On June 24, both communities declared local states of emergency with residents being placed under immediate evacuation order. Fire and Emergency Services - Newfoundland and Labrador (FES-NL) coordinated the Provincial Government response activities in Labrador and a Provision of Service agreement with the Department of National Defence (DND) was activated.  Approximately 800 people were housed at Canadian Forces Base (CFB) Goose Bay and another approximate 300 people were also accommodated in emergency housing in Happy Valley-Goose Bay.  Many individuals also stayed with family, friends or in private accommodations in the Happy Valley-Goose Bay area.  The evacuation order was lifted on June 25 and the evacuees returned home.",,,1100,0,0,6/25/2012 12:00:00 AM,,,,,,,,,
Disaster,Natural,Meteorological - Hydrological,Wildfire,Timmins ON,5/24/2012 12:00:00 AM,"Timmins ON, May 24 to June 07, 2012. A state of emergency was declared when smoke from a wildfire approximately 70 kilometers wide threatened communities in and around Timmins, Ontario. Approximately 1000 residents from the region were evacuated as a precaution. The fire forced the temporary closure of some mining operations. On June 7, the fire was contained and residents were able to return home.",0,0,1000,0,0,6/7/2012 12:00:00 AM,,,,,,,,,
Disaster,Natural,Meteorological - Hydrological,Wildfire,Kirkland Lake ON,5/20/2012 12:00:00 AM,"Kirkland Lake ON, May 20-29, 2012. A wildfire near the town of Kirkland Lake forced the evacuation of approximately 300 people and caused the town to declare a state of emergency. Damage from the fire included a power line and an undetermined number of cabins in the Young Lake and Amikougami Lake area. Power outages affected local mining operations. All evacuated permanent residents returned to their homes on May 27. The Ontario Provincial Police reported that the fire originated from a campfire on the east side of Elsie Lake.",0,0,300,0,0,5/29/2012 12:00:00 AM,0,,,,,,,,
Disaster,Natural,Meteorological - Hydrological,Wildfire,Northern Ontario,7/6/2011 12:00:00 AM,"Northern Ontario, July 6-25, 2011. A lighting storm on July 6 sparked a series of wildfires that spread throughout northern Ontario. Fire personnel were unable to gain control of the fires, which burned roughly 300,000 hectares of land. As of July 20, there were 112 wildfires burning in the region. Evacuation orders were put in place for communities in direct threat from the fires as well as those communities suffering from the impacts of smoke, power outages, food shortages and a lack of food storage capacity, since many communities are only accessible by air. The following evacuations occurred: 535 people from Deer Lake First Nations (FN), 260 people from Cat Lake FN, 50 people from Mishkeegogamang FN, 280 people from Eabametoong FN (Fort Hope), 197 people from Keewaywin FN, approximately 1000 people from Kingfisher Lake FN, approximately 770 people from Sandy Lake FN and approximately 200 people from North Spirit Lake. In addition, the entire communities of Keewaywin FN and Koocheching FN had been completely evacuated. In total, approximately over 3,300 people were evacuated. Wildfires severely damaged more than 86 hydro poles and over 13 kilometres of hydro lines, resulting in power outages across the northern region.",0,0,3300,0,0,7/25/2011 12:00:00 AM,,,,,,,,1896,
Disaster,Natural,Meteorological - Hydrological,Wildfire,Mishkeegogamang Ojibway First Nation (New Osnaburgh) ON,6/21/2011 12:00:00 AM,"Mishkeegogamang Ojibway First Nation (New Osnaburgh) ON, June 21-27, 2011.  A state of emergency was declared as the First Nation community was overcome by smoke from more than 17 wildfires burning within 10 kilometres of the community‚Äôs housing area. The fire was estimated to be 37,000 hectares in size and was out control. There were 423 residents that were evacuated between June 22 and June 24. Sioux Lookout, Greenstone (Gerldton) and Ignace declared states of emergency. The Ontario Ministry of Natural Resources (MNR) deployed 10 fire ranger crews to bring the fires under control while the Department of National Defense (DND) assisted with evacuations, and Health Canada assisted with medical services.",,,423,0,0,6/27/2011 12:00:00 AM,,,,,,,,,
Disaster,Natural,Meteorological - Hydrological,Wildfire,Hall Lake SK,6/12/2011 12:00:00 AM,"Hall Lake SK, June 12-14, 2011. On June 12, the Saskatchewan Emergency Management Organization reported a 25 to 40 hectare wildfire burning approximately three to four kilometers from the La Ronge First Nation subcommunity of Hall Lake. In total, there were 440 residents evacuated. As of June 14, the wildfire was no longer considered to be a direct threat to residents, and the evacuation order was lifted.",0,0,440,0,0,6/14/2011 12:00:00 AM,,,,,,,,,
Disaster,Natural,Meteorological - Hydrological,Wildfire,Wollaston Lake SK,6/2/2011 12:00:00 AM,"Wollaston Lake SK, June 2 to 9, 2011. On June 1, the Saskatchewan Emergency Organization reported that a 500 hectare fire was burning approximately 1.5 kilometres southwest of the community of Wollaston Lake. Winds blowing in from the southwest caused the fire and smoke to encroach upon the community, and the fire increased to 1,100 hectares by the following day. On June 2, a total of 1,137 residents were evacuated but damages to structures had not been reported at that time.",0,0,1137,0,0,6/9/2011 12:00:00 AM,,,,,,,,,
Disaster,Natural,Meteorological - Hydrological,Wildfire,Slave Lake AB,5/15/2011 12:00:00 AM,"Slave Lake AB, May 15 to May 22, 2011. Fortynine wildfires in north-central Alberta burned across the Lesser Slave River Region, prompting one of the most destructive wildfires in Canadian history. A state of emergency was declared by the Municipal District of Lesser Slave River No. 124 on May 15, after a wildfire that originated in the town of Slave Lake began to spread uncontrollably, affecting surrounding communities. The wildfire devastated the town of Slave Lake, where 374 buildings were destroyed and 52 damaged by the flames. Approximately 7000 people were evacuated from the town of Slave Lake and 735 individuals and families lost their homes. Outside of the town of Slave Lake, 59 other buildings were destroyed and 32 were damaged. Other affected communities include High Prairie, Little Buffalo, Red Earth Creek, Loon Lake First Nation (FN), Whitefish Lake FN and Woodland Cree FN. Penn West Petroleum, Exall Energy Corp. and Canadian Natural Resources Ltd. halted drilling in the region, suspended production and evacuated their employees. Canadian National (CN) Railway also halted their services in the region. By May 19, the number of evacuees rose to approximately 12,055. The total cost in damages was estimated at over $500 million.",,,12055,581099000,29079182.7,5/22/2011 12:00:00 AM,52960000,,,,,528139000,,,
Disaster,Natural,Meteorological - Hydrological,Wildfire,British Columbia,7/28/2010 12:00:00 AM,"British Columbia, July 28 to September 8, 2010.  Due to little precipitation and lightning strikes, from July 28 to July 31, the number of fires in British Columbia went from 600 to 1,100.  On August 18, strong winds blew through the interior causing substantial growth of the fires. Throughout the wildfire season, approximately 461 homes (1,383 individuals) were ordered to evacuate the region and hundreds of other homes were put on evacuation alert. The hardest hit areas were Chilcotin, Houston, Williams¬†Lake, Burns¬†Lake and Fraser¬†Lake. All evacuation orders and alerts were removed by the first week of September.  Approximately 330,000 hectares burned due to 1,673 fires.  Over 1,400 personnel from out-of-province assisted with fighting the fires.  Two air tanker pilots died in a plane crash while fighting the fires.  Both the city of Vancouver and the Government of Alberta issued air quality warnings due to smoke caused by the fires.",2,0,1383,257339000,13253510.7,9/8/2010 12:00:00 AM,37339000,,220000000,,,,,0,0
Disaster,Natural,Meteorological - Hydrological,Wildfire,Cranberry Portage MB,6/23/2010 12:00:00 AM,"Cranberry Portage MB, June 23 to July 6, 2010. A wildfire 13 kilometres east of Cranberry Portage prompted mandatory and voluntary evacuation orders. Residents from Cranberry Portage were advised to evacuate on June 23 due to smoke from the approaching flames. The Iskwasum and Gyles campgrounds in the Grass River Provincial Park were under a mandatory evacuation order. The road between Cranberry Portage and Sherridon was temporary closed to local traffic due to concerns over visibility. On June 24, approximately 200 people voluntarily evacuated from Cranberry Portage as the fire grew in size. The wildfire reached a maximum size of approximately 55,000 hectares and there were 440 firefighters, 13 helicopters and 13 water bombers combating the flames. On July 6, the travel restrictions near Cranberry Portage were lifted.",0,0,200,9572104,492983.9,7/6/2010 12:00:00 AM,9572104,,,,,,,0,0
Disaster,Natural,Meteorological - Hydrological,Wildfire,Chapleau ON,5/27/2010 12:00:00 AM,"Chapleau ON, May 27, 2010. A forest fire, which started in the Chapleau area near Wawa, burned through approximately 22 hydro poles and caused a power outage affecting approximately 2,000 local residents.",0,0,0,0,0,5/27/2010 12:00:00 AM,,,,,,,,2000,0
Disaster,Natural,Meteorological - Hydrological,Wildfire,Wemotaci reserve and La Tuque QC,5/23/2010 12:00:00 AM,"Wemotaci reserve and La Tuque QC, May 23, 2010. A 39 hectare fire forced the evacuation of 1,300 residents from the Wemotaci reserve. This was just one of over 50 fires throughout the province that raged for weeks, resulting in large amounts of smoke leading to a smog alert for Montreal, Vaudreuil, Soulanges, Huntingdon, Richelieu Valley, St. Hyacinthe, Lachute, St. Jerome, Lanaudiere, Mauricie, Drummondville, and Bois-Franc.",0,0,1300,0,0,5/23/2010 12:00:00 AM,,,,,,,,0,0
Disaster,Natural,Meteorological - Hydrological,Wildfire,County of Thorhild AB,5/12/2010 12:00:00 AM,"County of Thorhild AB, May 12, 2010. A wildfire in the county of Thorhild, north of Edmonton, affected thousands of acres of land. The community of Opal experienced numerous evacuation orders, which affected up to 100 homes on May 17. The Province of Alberta provided $10 million in funding under the Municipal Wildfire Assistance Program to aid in the community's recovery.",0,0,300,10000000,515021.5,5/12/2010 12:00:00 AM,,,10000000,,,,,0,0
Disaster,Natural,Meteorological - Hydrological,Wildfire,"Kelowna, Kamloops and Cariboo BC",5/1/2009 12:00:00 AM,"Kelowna, Kamloops and Cariboo BC, May 1 to August 31, 2009.  Fire season 2009 had 3,200 fires, 213 of which were wildland-urban interface fires. On July 18, fires broke out in the Glenrosa and Rose Valley communities of West Kelowna, combined with the Terrace Mountain fire west of Fintry, which led to multiple evacuation orders and alerts. July also saw an abundance of lightning storms leading to other fires of note throughout the province. Temperatures continued to break record highs and little precipitation was received in most areas. As September began, all personnel continued to work hard to contain fires across the Kamloops and Cariboo regions. The Lava Canyon fire, the largest, was nearly 55,000 hectares and growing.  There were over 100 notable fires during this fire season: at least 27 caused evacuation orders and at least a dozen more caused evacuation alerts.  Approximately 20,000 people were evacuated. One helicopter pilot lost his life in the line of duty.",1,0,20000,98743529,5178856.4,8/31/2009 12:00:00 AM,81743529,17000000,,,,,,0,0
Disaster,Natural,Meteorological - Hydrological,Wildfire,Deschambault Lake SK,7/1/2008 12:00:00 AM,"Deschambault Lake SK, July 1-6, 2008. A large wildfire threatened the community of Deschambault Lake in northern Saskatchewan. The fire was only 1.5 kilometres away from the community before it was redirected by firefighters using a technique called ""back burning,"" which involves igniting a controlled burn in front of the fire in order to reduce the amount of fuel. Approximately 1000 residents were evacuated on July 1 and did not return home until July 6.",0,0,1000,0,0,7/6/2008 12:00:00 AM,,,,,,,,0,0
Disaster,Natural,Meteorological - Hydrological,Wildfire,Northern Saskatchewan,6/30/2008 12:00:00 AM,"Northern Saskatchewan, June 30, 2008. Approximately 2,500 people from the communities of Sandy Bay, Stony Rapids, Pelican Narrows, Black Lake and Uranium City in Saskatchewan's far north have been forced out of their homes due to 64 forest fires.",0,0,2500,0,0,6/30/2008 12:00:00 AM,,,,,,,,0,0
Disaster,Natural,Meteorological - Hydrological,Wildfire,Halifax NS,6/13/2008 12:00:00 AM,"Halifax NS, June 13, 2008. An unforeseen brush fire ravaged a wooded area east of Halifax. The fire destroyed two homes and forced 5000 residents to evacuate their homes.",0,0,5000,0,0,6/13/2008 12:00:00 AM,,,,,,,,0,0
Disaster,Natural,Meteorological - Hydrological,Wildfire,Pukatawagan MB,6/10/2008 12:00:00 AM,"Pukatawagan MB, June 10, 2008. A town in northern Manitoba declared a state of emergency as food and other necessities dwindled away because of a burned-out railway bridge. More than 2,600 people in Pukatawagan, located about 900 kilometres northwest of Winnipeg, were faced with shortages of food and supplies, including baby products because of a wildfire that damaged the local railway bridge connecting the isolated community with the rest of the province. During the summer months there are only two ways to access Pukatawagan, by air or by rail.",0,0,0,0,0,6/10/2008 12:00:00 AM,,,,,,,,0,0
Disaster,Natural,Meteorological - Hydrological,Wildfire,Norway House and Sherridon MB,5/28/2008 12:00:00 AM,"Norway House and Sherridon MB, May 28, 2008. A forest fire, that stretches from a point to the south of Lynn Lake in the northwest corner of the province south to Norway House Cree Nation and east to the Island Lake First Nations, has forced as many as 3,330 people out of their homes.",0,0,3330,0,0,5/28/2008 12:00:00 AM,,,,,,,,0,0
Disaster,Natural,Meteorological - Hydrological,Wildfire,Newbrook AB,5/16/2008 12:00:00 AM,"Newbrook AB, May 16-19, 2008. A wildfire burning near the community of Newbrook forced the evacuation of approximately 150 people. A team of 115 firefighters aided by 40 firefighters from British Columbia, halted the fire from reaching Newbrook by bulldozing a strip of timber in between the town and the fire, which prevented the fire from spreading. The fire reached a maximum size of 1,950 hectares. Two houses were destroyed by the blaze.",0,0,150,0,0,5/19/2008 12:00:00 AM,,,,,,,,0,0
Disaster,Natural,Meteorological - Hydrological,Wildfire,Natuashish NL,8/4/2007 12:00:00 AM,"Natuashish NL, August 4-7, 2007. A wildfire destroyed 200 hectares of land and forced the evacuation of 600 local residents. The blaze that burned near the Innu community of Natuashish in Labrador was sparked by accident by a group of teenagers who started a fire to warm themselves up after swimming in the popular swimming hole near the airport. The fire spread so rapidly that the teenagers narrowly escaped with their lives. The fire burned for several days and halted flights to the local airport.",0,0,600,0,0,8/7/2007 12:00:00 AM,,,,,,,,0,0
Disaster,Natural,Meteorological - Hydrological,Wildfire,Kootenay BC,8/1/2007 12:00:00 AM,"Kootenay BC, August 1, 2007. Forest fires raging in southeastern British Colombia triggered a state of local emergency and caused three homes to be evacuated and power to be cut to more than 3000 homes.",0,0,9,0,0,8/1/2007 12:00:00 AM,,,,,,,,3000,0
Disaster,Natural,Meteorological - Hydrological,Wildfire,South Indian Lake MB,7/19/2007 12:00:00 AM,"Northern Manitoba, July 19-26, 2007. A total of 254 wildfires burned 147,473 hectares of land in Manitoba in the summer of 2007. From July 19 to 26, 55 wildfires were burning in Northern Manitoba. During this time, numerous communities were in danger and had to be evacuated from fires that burned up to 16 kilometres away. Evacuations began as early as July 19, when 435 people from O-Pipon-NaPiwin Cree Nation at South Indian Lake had to be airlifted to safety. On July 24, 330 people were airlifted from Sayisi Dene Nation at Tadoule Lake. In addition, on July 25, 48 people from Tataskweyak Cree Nation at Split Lake and 150 from Shamattawa were evacuated due to smoke. All evacuees were taken to Winnipeg and Thompson. The government of Manitoba deployed 450 firefighters, 27 helicopters and nine water bombers. In addition, five firefighting crews from British Columbia assisted local firefighters. The largest fire burned near South Indian Lake and was 85, 000 hectares in size.",0,0,963,0,0,7/26/2007 12:00:00 AM,,,,,,,,0,0
Disaster,Natural,Meteorological - Hydrological,Wildfire,Happy Valley - Goose Bay NL,6/16/2007 12:00:00 AM,"Happy Valley-Goose Bay NL, June 16-17, 2007.  A forest fire burned near Happy Valley-Goose Bay forcing the evacuation of 200 homes. The blaze that was pushed towards the community by wind gusts of 50 km/h reached up to 300 metres of some homes. Fire crews helped by two water bombers and six helicopters managed to suppress the flames.",0,0,600,0,0,6/17/2007 12:00:00 AM,,,,,,,,0,0
Disaster,Natural,Meteorological - Hydrological,Wildfire,Sept-√éles QC,5/27/2007 12:00:00 AM,"Sept-√éles QC, May 27, 2007. A major forest fire forced the evacuation of approximately 1,500 people from the village of Moisie and the Malioth√©nam reserve. There were 26 forest fires burning in Quebec at that time.",0,0,1500,0,0,5/27/2007 12:00:00 AM,,,,,,,,0,0
Disaster,Natural,Meteorological - Hydrological,Wildfire,Northwest Ontario,5/13/2007 12:00:00 AM,"Northwest Ontario, May 13, 2007. Up to 300 people have been forced from their cottages in an area about 75kms west of Thunder Bay, where the biggest fire among many in Northwest Ontario, Thunder Bay #37, had raged through about 11,500 hectares.",0,0,300,0,0,5/13/2007 12:00:00 AM,,,,,,,,0,0
Disaster,Natural,Meteorological - Hydrological,Wildfire,Cariboo-Chilcotin BC,7/6/2006 12:00:00 AM,"Cariboo-Chilcotin BC, July 6, 2006. About 600 people living in remote communities in BC's Cariboo-Chilcotin region have been forced from their homes by the threat of two massive wildfires.",0,0,871,0,0,7/6/2006 12:00:00 AM,,,,,,,,0,0
Disaster,Natural,Meteorological - Hydrological,Wildfire,Nordegg AB,7/4/2006 12:00:00 AM,"Nordegg AB, July 4-7, 2006. A wildfire that burned two kilometres away from the village of Nordegg, located 200 kilometres West of Red Deer, forced the evacuation of 130 residents, including dozens of campers. The fire grew to be 126 hectares in size and was likely sparked by lighting. Residents returned home July 7.",0,0,130,0,0,7/7/2006 12:00:00 AM,,,,,,,,0,0
Disaster,Natural,Meteorological - Hydrological,Wildfire,Tumbler Ridge BC,7/3/2006 12:00:00 AM,"Tumbler Ridge BC, July 3-5, 2006. A state of emergency was declared for the town of Tumbler Ridge, where multiple wildfires burned threating the residents who live in the coal mining town. The largest of the fires grew to be 9,100 hectares in size and burn nearly 8 kilometres away from the town. Four thousands residents were evacuated due to the fires and returned home on July 5.",0,0,4000,0,0,7/5/2006 12:00:00 AM,,,,,,,,0,0
Disaster,Natural,Meteorological - Hydrological,Wildfire,Mistissini QC,6/16/2006 12:00:00 AM,"Mistissini QC, June 16-18, 2006. Residents of the Cree community of Mistissini, located 550 kilometres north of Montreal, were forced to leave their homes due to a wildfire that approached within metres of their community. Approximately 3,200 residents were evacuated and were taken to the community of Chibougamou 90 kilometres away. Residents returned home on June 18.",0,0,3200,0,0,6/18/2006 12:00:00 AM,,,,,,,,0,0
Disaster,Natural,Meteorological - Hydrological,Wildfire,Kelowna BC,8/28/2005 12:00:00 AM,"Kelowna  BC, August 28, 2005.  A 25-hectare forest fire was reported in Rose Valley near Kelowna.  Approximately 75 homes in the subdivision were evacuated and about 528 people registered with emergency social services after the evacuation order.  No injuries or casualties were reported.",0,0,528,0,0,8/28/2005 12:00:00 AM,,,,,,,,0,0
Disaster,Natural,Meteorological - Hydrological,Wildfire,Chibougamau and James Bay QC,6/6/2005 12:00:00 AM,"Chibougamau and James Bay QC, June 6, 2005.  In Northern Qu√©bec a forest fire near Chibougamau forced the evacuation of approximately 200 residents.  Approximately 650 Hydro-Quebec workers were airlifted in an evacuation operation in the James Bay area due to another forest fire. There were 57 active forest fires in Quebec at the time.  Forest fires have destroyed approximately 170,000 hectares of forest in Quebec this year.",0,,850,0,0,6/6/2005 12:00:00 AM,,,,,,,,0,0
Disaster,Natural,Meteorological - Hydrological,Wildfire,Chisasibi QC,5/29/2005 12:00:00 AM,"Chisasibi QC, May 29, 2005. Forest fire forced about 600 people in the Cree community of Chisasibi to be evacuated to the nearby village of Radisson.  The fire was human caused, and was started within 1 kilometre of the town.  Evacuees were able to return to their homes by May 30.",0,0,600,0,0,5/29/2005 12:00:00 AM,,,,,,,,0,0
Disaster,Natural,Meteorological - Hydrological,Wildfire,"McLure, British Columbia",7/30/2003 12:00:00 AM,"On July 30th, a fire was accidentally initiated in the Lower North Thompson Valley. In August, a state of emergency was declared on the 1st, and 3,800 residents  were evacuated from Barriere, McLure, and Louis Creek, BC. Because the main highway was closed, the evacuations had to be via ferry or on a route that climbed 1,311 m in elevation. Up to this date, BC had an exceptional fire season with 189 fires burning at the same time. Since fire response resources were stretched across the province, out-of-province and military personnel were brought in to help in the fire effort. The Canadian Armed Forces 'Operation Peregrine' provided firefighting assistance for 45 days from early August to October 5th; roughly 400 personnel assisted with the McClure fire. By August 27th, 1,079 firefighters were fighting the fire. The fire lasted for over 75 days, burned 26,240 ha (262 km2) including 72 homes and 9 businesses. The losses were estimated to be $31 million (CAD 2005) and $8.2 million in property damage. Additionally, the loss of a sawmill in Louis Creek led to the more than 180 employees permanently losing their jobs. In British Columbia, the insured losses of this fire season were $200 million (2003 CAD).",0,,,,,10/13/2003 12:00:00 AM,,,,,,,,,0
Disaster,Natural,Meteorological - Hydrological,Wildfire,Norman Wells NT,7/21/2003 12:00:00 AM,"Norman Wells, NT, July 21, 2003. Lightening started a fire in an on old-growth black spruce forest approximately 17 km from Norman Wells. The fire was sustained by high temperatures and gusting winds. Norman Wells declared a state of emergency. About 100 people were evacuated due to thick smoke. Those with respiratory problems, the elderly, and the young were evacuated by plane to Inuvik while others were sent to nearby communities via boat.",0,,100,121846,7111.6,7/21/2003 12:00:00 AM,39640,82206,,,,,,0,0
Disaster,Natural,Meteorological - Hydrological,Wildfire,Southeastern British Columbia and Southwestern Alberta,7/1/2003 12:00:00 AM,"Southeastern British Columbia and Southwestern Alberta; July and August 2003.  Dozens of communities were evacuated due to wildfires started by lightning and careless fire use.  Over 50,000 people were evacuated and firefighting costs alone are estimated at $400 million dollars.",,,48501,159052448,9283216.8,8/31/2003 12:00:00 AM,159052448,,,,,,,0,0
Disaster,Natural,Meteorological - Hydrological,Wildfire,"Eastern Passage, Cole Harbour NS",5/19/2003 12:00:00 AM,"Cole Harbour, Eastern Passage NS, May 19, 2003.  A forest fire started in a bog near Cole Harbour.  High winds and dry conditions helped the fire spread out of control burning 240 hectares and forcing the evacuation of 240 homes.  Approximately 500 people were evacuated near Eastern Passage in northeast of Halifax.  No damage or injuries reported.",,,500,,,5/19/2003 12:00:00 AM,,,,,,,,0,0
Disaster,Natural,Meteorological - Hydrological,Wildfire,Manitoba,4/1/2003 12:00:00 AM,"Manitoba, April to October 2003. The province of Manitoba experienced 1,148 wildfires during the 2003 season. While the fires actually began at the end of March,  damages began to affect communities in April. The Thompson area was particularly affected. A lightening strike near Thompson began a forest fire that was sustained through hot and dry weather. Approximately 900 people were evacuated, many from aboriginal comunities including: 250 people from Red Sucker Lake First Nation and 92 people from God's River First Nation were evacuated due to fires that began in July. In August, approximately 155 people were evacuated from Shamattawa while 250 were evacuated from Split Lake. ",0,,665,5286253,308536.2,10/31/2003 12:00:00 AM,5286253,,,,,,,0,0
Disaster,Natural,Meteorological - Hydrological,Wildfire,Near community of Sheshatshui and town of North West River NL,7/3/2002 12:00:00 AM,"Near the community of Sheshatshui and the Town of North West River NL, July 3, 2002.  A forest fire ignited 10-12 km from the community of Sheshatshui and the Town of North West River. Approximately 1200 residents were evacuated to the town of Happy Valley-Goose Bay. The fire burned 3km2 of forest.",0,0,912,464286,27857.2,7/3/2002 12:00:00 AM,,,464286,,,,,0,0
Disaster,Natural,Meteorological - Hydrological,Wildfire,"Nemiscau region, near James Bay QC",7/2/2002 12:00:00 AM,"Nemiscau region, near James Bay QC, July 2, 2002. Of 50 forest fires burning in Quebec around this time, the Nemiscau fire was the most noticeable.  The fire travelled within 800 metres of the native village of Nemaska. A total of 630 Chisasibi and Nemiscau-region residents were evacuated. The fire was ignited by intense thunder and lightning storms and destroyed over 600 km2 of forest. Consequently, 6000 Quebec forestry workers were laid-off. Hydro-Quebec disconnected its service to 500 000 people given the proximity of the fire to a major power line. Smoke could be seen in most of Quebec, parts of Ontario, and the northeastern United States.",0,0,628,0,0,7/2/2002 12:00:00 AM,,,,,,,,0,0
Disaster,Natural,Meteorological - Hydrological,Wildfire,"Kee-Way-Win FN; Townships of Terrace Bay and Schrieber; Village of Rossport; Pays Plat FN; Deer Lake FN, ON",7/1/2002 12:00:00 AM,"Kee-Way-Win FN; Townships of Terrace Bay and Schrieber; Village of Rossport; Pays Plat FN; Deer Lake FN, ON, July 2002. Members of several communities were concerned by nearby fires and smoke. More than 1000 people were evacuated to Thunder Bay, Geraldton and Sioux Lookout. Municipal emergency declarations occurred in six communities.",0,0,985,0,0,7/1/2002 12:00:00 AM,,,,,,,,0,0
Disaster,Natural,Meteorological - Hydrological,Wildfire,Hawes/Patuanak SK,6/28/2002 12:00:00 AM,"Hawes/Patuanak SK, June 28-30, 2002. One hundred three evacuated.",0,0,103,0,0,6/30/2002 12:00:00 AM,,,,,,,,0,0
Disaster,Natural,Meteorological - Hydrological,Wildfire,"Crutwell, Dillon, Hatchett Lake, Pelican Narrows, Deschambeault, Wahpeton First Nation, Nordell, Peter Pond SK",6/28/2002 12:00:00 AM,"Crutwell, Dillon, Hatchett Lake, Pelican Narrows, Deschambeault, Wahpeton First Nation, Nordell, Peter Pond SK, June 28 - July 1, 2002. Five hundred six evacuated.",0,0,480,0,0,7/1/2002 12:00:00 AM,,,,,,,,0,0
Disaster,Natural,Meteorological - Hydrological,Wildfire,Turnor Lake SK,6/24/2002 12:00:00 AM,"Turnor Lake SK, June 25, 2002. Three hundred and fifty residents of Turnor Lake, located 600 km northwest of Saskatoon, were evacuated to nearby towns. The fire was charged by exceptionally dry and hot weather, and winds pushed the fire towards Turnor Lake. Water bombers continuously dropped their payload on the fire, while the town buildings and trees were showered by industrial sprinkler systems.",0,0,425,31014,1860.8,6/24/2002 12:00:00 AM,,,31014,,,,,0,0
Disaster,Natural,Meteorological - Hydrological,Wildfire,"Peerless Lake, Trout Lake AB",6/23/2002 12:00:00 AM,"Peerless Lake and Trout Lake AB, June 23, 2002.  The Peerless Lake Complex involved three separate fires within a small area approximately 155 km north of Slave Lake. These three fires forced the MD of Opportunity No. 17 to evacuate approximately 600 people to Red Earth.  The wild fires consumed a total of 15,438 ha of forest. ",0,0,600,0,0,6/23/2002 12:00:00 AM,,,,,,,,0,0
Disaster,Natural,Meteorological - Hydrological,Wildfire,Montreal Lake SK,5/20/2002 12:00:00 AM,"Montreal Lake SK, May 20-22, 2002.  Extreme burning conditions existed throughout Saskatchewan at this time.  Winds gusting at 50 to 60 km/h aided the spread of fires (around 48 in total), mostly in grasses and brush.  This specific fire was first spotted around the Bittern Lake area and was moving north towards the eastern part of the community of Montreal Lake.  Approximately 130 evacuees from this community and the Montreal Lake Cree Nation were moved to Prince Albert.  ",0,0,129,32332,1939.9,5/22/2002 12:00:00 AM,,,19779,,,,12553,0,0
Disaster,Natural,Meteorological - Hydrological,Wildfire,Northern Alberta and Conklin,5/17/2002 12:00:00 AM,"Northern AB and Conklin, May 14 - June 7, 2002. The House River Fire was first spotted on May 17, 2002. It burned 248,243 hectares. The fire was approximately 100 km north of Lac La Biche. At its peak, 1,000 firefighters were on the fireline. The task was difficult given the strong and shifting winds and minimal precipitation. The fire perimeter was secured by June 7, 2002. This was Alberta's second largest forest fire since 1961. On May 27 the Regional Municipality of Wood Buffalo evacuated approximately 1,550 people. There were approximately 1,300 from work camps, and 250 from the community of Conklin. All individuals were allowed to return on June 8, 2002.",0,0,1254,1300000,78000,6/7/2002 12:00:00 AM,,,1300000,,,,,0,0
Disaster,Natural,Meteorological - Hydrological,Wildfire,Badger NL,6/28/1999 12:00:00 AM,"Badger NL, June 28 - July 1, 1999. A 6,500 ha Forest fire forced almost 1,000 people in Badger to leave their homes when the fire came within 250 m of the town.  Residents returned home on July 1.",0,0,1000,,,7/1/1999 12:00:00 AM,0,0,,,,,,0,0
Disaster,Natural,Meteorological - Hydrological,Wildfire,Burwash Landing YT,6/12/1999 12:00:00 AM,"Burwash Landing YT, June 12-22, 1999. A Forest fire caused the evacuation of 69 residents and tourists from the community of Burwash Landing.  The fire reached the town on June 13, destroyed 6 houses and caused extensive damage to other buildings. Residents were allowed back to the town on June 19. Over 100 firefighters fought the blaze. The Alaska highway, a major tourist route, was shut down between Beaver Creek and Haines Junction.  The fire burned 3200 hectares of land and was put out on June 22.",0,0,80,922323,59568.8,6/22/1999 12:00:00 AM,317481,104842,,500000,,,,0,0
Disaster,Natural,Meteorological - Hydrological,Wildfire,Beardmore ON,5/4/1999 12:00:00 AM,"Beardmore ON, May 1999.  There were 60 fires burning in the province.  A 50,540 ha fire forced 300 residents from Beardmore to move to Geraldton on May 4.  Another 17,000 ha fire forced the evacuation of the Bearskin Lake First Nation (375 residents) and Pic Mobert First Nation (400 residents) on May 6.  The fires forced the closure of sections of Highways 11 and 17.  The evacuees were allowed to return home on May 8.  The Canadian Forces provided humanitarian assistance in Geraldton and Bearskin Lake.",0,0,307,,,5/4/1999 12:00:00 AM,0,0,,,,,,0,0
Disaster,Natural,Meteorological - Hydrological,Wildfire,"Cross Lake, Seymourville MB",4/29/1999 12:00:00 AM,"Manitoba, April-May 1999. There were 65 fires burning in the province.  The 1200 residents of Cross Lake were forced to flee their homes on April 29, when a Forest fire came within 300 metres of the town. The majority of residents were evacuated to the nearby towns of Thompson and Norway House.  On May 3, 600 residents of three small communities clustered on the east shore of Lake Winnipeg (Seymourville, Hollow Water First Nation and Manigotagan), were evacuated to the nearby town of Bissett to avoid the oncoming Forest fire which came within four kilometres of the communities. The fire covered 52 sq. km. and it took about 500 firefighters, 30 helicopters and five water bombers to battle the blaze.",0,0,1050,,,5/12/1999 12:00:00 AM,,0,0,,,,,0,0
Disaster,Natural,Meteorological - Hydrological,Wildfire,La Ronge SK,4/1/1999 12:00:00 AM,"La Ronge SK, April-May 1999. Firefighters battled a Forest fire that caused the evacuation of the town of La Ronge, and destroyed 8 buildings.  The fire lasted for about a week.  The fire stretched for 8 km2, and it took 248 firefighters supported by water bombers to extinguish it.",0,0,40,,,5/31/1999 12:00:00 AM,0,0,,,,,,0,0
Disaster,Natural,Meteorological - Hydrological,Wildfire,East of Lake Winnipeg MB,3/5/1999 12:00:00 AM,"East of Lake Winnipeg MB, March 5, 1999. Forests in Ontario and Manitoba were consumed by this event.",,,1107,,,3/5/1999 12:00:00 AM,,,,,,,,0,0
Disaster,Natural,Meteorological - Hydrological,Wildfire,Salmon Arm BC,8/10/1998 12:00:00 AM,"Salmon Arm BC, August 10-17, 1998. A State of Emergency was declared by the Premier on Aug.10 for the Salmon Arm-Fly Hills Fire, it was cancelled on Aug.17. The fire covered 6300 hectares and destroyed 20 houses and 15 farm buildings. An inquiry was called in October 1998 to determine whether the BC Forest Service had problems handling the fire.",0,0,7000,3036145,199527.6,8/17/1998 12:00:00 AM,,,,3036145,,,,0,0
Disaster,Natural,Meteorological - Hydrological,Wildfire,British Columbia,8/1/1998 12:00:00 AM,"British Columbia, August 1998. During this month, there were 687 Forest fires burning in British Columbia. Approximately 10,600 people were evacuated, 42,115 hectares of forest burnt, 36 properties were damaged, and livestock losses were reported. Major fires occurred in the following areas: Salmon Arm-Fly Hills  Fire (see 1998.018); Vernon-Valley of Sun/Fintry/Parker's Cove; Kamloops-Cherry Creek Fire; Kamloops-Greenstone Mountain Fire; McBride-Doare River Fire; Telegraph Creek; Boston Bar-Nahatlatch Lake; Lillooet-Fountain Valley. Barriere-Dunn Lake-Birch Fire, and Avaola-Elevator were smaller, but still significant fires.  Military assistance was requested in many areas.",0,0,10600,2795,183.7,8/1/1998 12:00:00 AM,,,,,,,2795,0,0
Disaster,Natural,Meteorological - Hydrological,Wildfire,Tibbet Lake NT,7/22/1998 12:00:00 AM,"Tibbet Lake, NT, July 22-31, 1998. A State of Emergency was declared when a 60000 ha fire was burning in the area of Tibbet Lake. The area north of Powder Point on Ingraham Trail was evacuated and Ingraham Trail was closed to all traffic. The fire destroyed three vacation cabins and edged within 5 km of cabins and lodges around Consolation Lake, 70 km northeast of Yellowknife. On July 31, the fire reached 140000 ha in size.",0,0,5,12044118,791508.3,7/31/1998 12:00:00 AM,,,12044118,,,,,0,0
Disaster,Natural,Meteorological - Hydrological,Wildfire,Northern Ontario,7/4/1998 12:00:00 AM,"Northern Ontario, July 1998. During the month of July, there were over 130 fires in Northern Ontario. Approximately 1,425 people were evacuated from various communities, and over 3,700 hectares of forest was burnt. Main fires occurred near the following regions: Bearskin Lake, Terrace Bay, Kasabonika Lake, Summer Beaver, Webique, Muskrat Lake, Thunder Bay and Lansdowne.",0,0,1865,,,7/31/1998 12:00:00 AM,0,0,,,,,,0,0
Disaster,Natural,Meteorological - Hydrological,Wildfire,Swan Hills AB,5/5/1998 12:00:00 AM,"Swan Hills AB, May 1998. Approximately 155000 ha was burned by 35 fires.  The most dangerous fires were located in the area of Slave Lake and Swan Hills. A fire 15 km away caused the Town of Swan Hills to activate its municipal emergency plan on May 5 and evacuate 2,400 residents.  Military assistance was required, and several highways were closed. On May 14, Swan Hills was evacuated for a second time. A thunderstorm on May 15, accompanied by a period cold/damp weather suppressed many of the fires in Alberta. Military assistance ended on May 21.",0,0,2030,,,5/21/1998 12:00:00 AM,,,,,,,,0,0
Disaster,Natural,Meteorological - Hydrological,Wildfire,"Iroquois Falls, Kirkland Lake, Timmins areas ON",6/12/1997 12:00:00 AM,"Iroquois Falls, Kirkland Lake, Timmins areas ON, June 12, 1997. A fire burning southeast of Timmins burned hydro wires which left the town of Foleyet without power for one day; people were evacuated from approximately 750 homes in the Westin Lake, Watabeag Lake (south of Iroquois Falls), Sesekinika and Kenogami (west of Kirkland Lake) areas; 73 people from the Wahgoshig First Nation were evacuated to Timmins.",0,0,823,,,6/12/1997 12:00:00 AM,0,0,,,,,,0,0
Disaster,Natural,Meteorological - Hydrological,Wildfire,Northwest of Matagami QC,6/10/1997 12:00:00 AM,"Northwest of Matagami QC, June 10, 1997. About 125 forest fires burned in Qu√©bec, 3 of which were serious and required the evacuation of 300 people from James Bay, 200 from Selby mine (85 km northwest of Matagami), and 1100 from the Weymontachie First Nations Reserve.",0,0,1100,,,6/10/1997 12:00:00 AM,0,0,,,,,,0,0
Disaster,Natural,Meteorological - Hydrological,Wildfire,Timmins ON,5/29/1997 12:00:00 AM,"Timmins ON, May 29, 1997. The city declared an emergency when a 100 hectare forest fire jumped the Mattagami River, forcing a one day evacuation of approximately 400 residents.",0,0,400,,,5/29/1997 12:00:00 AM,0,0,,,,,,0,0
Disaster,Natural,Meteorological - Hydrological,Wildfire,Sahtu Region of the Northwest Territories,6/6/1995 12:00:00 AM,"Sahtu region of the Northwest Territories, June 6-15, 1995.  A Forest fire was first sited in Fort Norman (in the Hamlet of Tulita), and then spread to Norman Wells, Yellowknife and Deline. The fires were started by lightning strikes. Damage was incurred by provincial, municipal and private property.  Fort Norman was evacuated on June 6, and Norman Wells was evacuated on June 9. Norman Wells was under a State of Emergency from June 814.",0,0,950,3432310,235089.7,6/15/1995 12:00:00 AM,504871,202377,2725062,,,,,0,0
Disaster,Natural,Meteorological - Hydrological,Wildfire,North Central Saskatchewan,5/29/1995 12:00:00 AM,"North central Saskatchewan, May 29, 1995. Lightning started 56 fires on May 29 and as the season progressed, 2,500 people were evacuated from 16 communities and 18 highways were closed. At the height of the outbreak, 4,000 people were fighting the fires.  While there was no loss of life and minimal loss of structures, 16,000 square kilometres (160,000 hectares) of forest were burned and 48 million cubic meters of wood were lost.",0,0,3338,91585747,6272996.4,5/29/1995 12:00:00 AM,,,91585747,,,,,0,0
Disaster,Natural,Meteorological - Hydrological,Wildfire,British Columbia,7/24/1994 12:00:00 AM,"British Columbia, July 24, 1994.  A Forest fire that destroyed 5.9 ha of land caused the evacuation of 3000 people.",0,0,4169,,,7/24/1994 12:00:00 AM,0,0,,,,,,0,0
Disaster,Natural,Meteorological - Hydrological,Wildfire,"Betsiamites, Ragueneau et Baie-Comeau QC",6/29/1991 12:00:00 AM,"Betsiamites, Ragueneau and Baie Comeau QC, June 29, 1991. Residents of the Montagnais Reserve of Betsiamites and the community of Ragueneau were evacuated; nine fires were reported in the area of Baie Comeau; fire fighting activity concentrated on the two largest fires; the larger fire covered 1900 square km at Betsiamites, about 50 kilometres west of Baie Comeau; the second fire covered 900 square km at Forestville, approximately 90 kilometres west of Baie Comeau; overall there were 7000 evacuees (Red Cross Statistics).",0,0,4035,,,6/29/1991 12:00:00 AM,,,,,,,,0,0
Disaster,Natural,Meteorological - Hydrological,Wildfire,Old Crow YT,7/20/1990 12:00:00 AM,"Old Crow YT, July 20, 1990. Fires threatened the community of Old Crow, north of Inuvik, requiring the evacuation of the community residents.",0,0,210,7925848,606570,7/20/1990 12:00:00 AM,,,7591444,334404,,,,0,0
Disaster,Natural,Meteorological - Hydrological,Wildfire,Radisson QC,7/22/1989 12:00:00 AM,"Radisson QC, July 22, 1989. Forest fires caused the evacuation of 300 people from Radisson to Montr√©al and Val d'Or.",0,0,300,,,7/22/1989 12:00:00 AM,0,0,,,,,,0,0
Disaster,Natural,Meteorological - Hydrological,Wildfire,Northern Manitoba,5/11/1989 12:00:00 AM,"Northern MB, May-September 1989. One of the worst forest fires in Canadian history raged across northern Manitoba forcing the evacuation of roughly 25,000 people in approximately 25 communities; many were airlifted to Winnipeg. In 1989, Manitoba experienced 1,229 forest fires.",0,0,25000,18489862,1483144,9/20/1989 12:00:00 AM,14174906,4314956,,,,,,0,0
Disaster,Natural,Meteorological - Hydrological,Wildfire,Whitedog Lake ON,1/1/1988 12:00:00 AM,"Whitedog Lake ON, 1988. 500 evacuated.",0,0,500,,,1/1/1988 12:00:00 AM,0,0,,,,,,0,0
Disaster,Natural,Meteorological - Hydrological,Wildfire,Valrita-Harty ON,5/13/1987 12:00:00 AM,"Valrita-Harty ON, 1987. Entire village of 800 evacuated due to wildfire.",0,0,800,,,5/13/1987 12:00:00 AM,0,0,,,,,,,0
Disaster,Natural,Meteorological - Hydrological,Wildfire,Waswanipi reserve QC,6/2/1986 12:00:00 AM,"Waswanipi Reserve QC, June 2, 1986. A major forest fire forced the evacuation of 500 people living on the Waswanipi reserve.",0,0,500,,,6/2/1986 12:00:00 AM,0,0,,,,,,0,0
Disaster,Natural,Meteorological - Hydrological,Wildfire,Grand Falls NL,5/15/1986 12:00:00 AM,"Grand Falls NL, May 15-16, 1986. 1000 evacuated at Grand Falls; among the worst of a series of more than 100 Forest fires burning across Eastern Canada as a result of unseasonably warm, dry weather.",0,0,1000,,,5/16/1986 12:00:00 AM,0,0,,,,,,0,0
Disaster,Natural,Meteorological - Hydrological,Wildfire,Upper Gagetown and Burton NB,5/15/1986 12:00:00 AM,"Upper Gagetown and Burton NB, May 15-16, 1986. 1000 evacuated between Upper Gagetown and Burton; among the worst of a series of more than 100 forest fires burning across Eastern Canada as a result of unseasonably warm, dry weather.",0,0,1000,,,5/16/1986 12:00:00 AM,0,0,,,,,,0,0
Disaster,Natural,Meteorological - Hydrological,Wildfire,Northeast of Vancouver BC,7/1/1985 12:00:00 AM,"Northeast of Vancouver BC, July 1985.  During the same year, the Prairie provinces were struck with a severe drought (see 1985.002). During July, in northeast of Vancouver; a forest fire destroyed half a million acres of timberland.  One of the worst forest fires seasons on record.  Greater than 240,000 hectares of prime forest land burned.  More than 6,300 fire-fighters battling blazes.  The number of fires recorded in BC in 1985 were 3604.",0,0,0,,,7/1/1985 12:00:00 AM,0,0,,,,,,0,0
Disaster,Natural,Meteorological - Hydrological,Wildfire,Red Lake ON,6/1/1980 12:00:00 AM,"Red Lake ON, June 1980. 43,664.76 ha of forest were destroyed by a fire, 5000 people had to be evacuated from the area, 3600 of which had to be airlifted to Winnipeg.",0,0,5000,,,6/1/1980 12:00:00 AM,0,0,,,,,,0,0
Disaster,Natural,Meteorological - Hydrological,Wildfire,"Faro, Yukon",6/13/1969 12:00:00 AM,"On June 13th, the small community of Faro, YT, was affected by 2 fires. Reports note that the first fire was initiated at around midnight, but was under control by mid-afternoon. The second fire was initiated by lightning near the community of Pelly Crossing, YT, - 4 km northwest of Faro. The community of Faro began as a mining camp and construction had begun on the town site in Fall of 1968. During that night, part of the mining camp, the construction camp and the partly finished community burned down. Pelly Crossing was evacuated, but was not destroyed by the fire. In the end, the burned area measured 73,000 ha (730 km2) causing the destruction of 50 buildings in Faro, costing an estimated $500,000 (1969 CAD).",0,0,,,,7/25/1969 12:00:00 AM,,,,,,,,,0
Disaster,Natural,Meteorological - Hydrological,Wildfire,Quebec and Ontario,7/1/1955 12:00:00 AM,"Ontario and Qu√©bec, July-August 1955. More than 100 forest fires burned longer than four weeks; on August 4 there were 150 fires.",0,0,0,24402775,10384159.6,8/31/1955 12:00:00 AM,,,23207778,1194997,,,,0,0
Disaster,Natural,Meteorological - Hydrological,Wildfire,"Chinchaga River, Alberta",6/2/1950 12:00:00 AM,"On June 2nd, a wildfire (the Whisp fire) was reported north of Fort John near Whispering Pines Lake, BC. After an inspection, it was decided to let the 80 ha fire burn freely. According to the policy at the time, fire crews were not allowed to suppress fires until they were within a certain distance of a road, community or major river. Even though local Metis trappers volunteered to help suppress the fire as it moved towards and into Alberta, fire crews were ordered not to go. A second fire began on July 29th, and eventually joined the Whisp fire between September 20 and 22nd. By this time, there were over 30 fires greater than 200 ha burning along the northern borders of BC and Alberta; the newly-merged Chinchaga fire spread 63 km. The smoke plume drifted from northern Alberta to southern Ontario which caused high mid-day electricity demand to turn on the lights and subsequently led to several power outages. The Whisp/Chinchaga fires burned 1.4 million ha (14,000 km2) and was recorded as the largest wildfire in North American history. The majority of the burned area was in Alberta; only 90,000 ha were in BC.",0,,,,,10/4/1950 12:00:00 AM,,,,,,,,,0
Disaster,Natural,Meteorological - Hydrological,Wildfire,Mississagi ON,5/1/1948 12:00:00 AM,"Mississagi/Chapleau (a First Nation reserve) ON, May to late October 1948. 261,017 ha destroyed.",0,0,0,,,10/31/1948 12:00:00 AM,,,,,,,,0,0
Disaster,Natural,Meteorological - Hydrological,Wildfire,Gogama ON,5/14/1941 12:00:00 AM,"Gogama ON, May 14 - June 15, 1941. No dead, 133,827 ha destroyed.",0,0,0,,,6/15/1941 12:00:00 AM,,,,,,,,0,0
Disaster,Natural,Meteorological - Hydrological,Wildfire,Rainy River and Dance Township ON,10/10/1938 12:00:00 AM,"Dance Township ON, October 10-15, 1938; 17 dead, 155 homeless, 37,230 ha of forest were destroyed.  The fire was caused by the settlers by brush fires.  The fire got out of control due to the lack of water in the area at the time.",17,0,155,,,10/15/1938 12:00:00 AM,,,,,,,,0,0
Disaster,Natural,Meteorological - Hydrological,Wildfire,Northern Saskatchewan,7/13/1936 12:00:00 AM,"Northern Saskatchewan, July 1936. During the week before July 20, 194 sq. km of Saskatchewan timberland burned.",,,,,,7/19/1936 12:00:00 AM,,,,,,,,0,0
Disaster,Natural,Meteorological - Hydrological,Wildfire,"Elko, British Columbia",8/17/1931 12:00:00 AM,"In early August of 1931, a forest fire ignited (likely human-caused) in the East Kootenay region of BC. On August 17th, the winds shifted and the fire threatened the small logging town of Elko. After sunset, the fire had jumped the Elk River and moved into the community. Most of the community was spared however, 15 homes and 2 churches were destroyed leaving 9 families homeless. This fire measured 660 km2 (66,000 ha) and was considered to be the largest in the region's history.",0,0,0,,,8/18/1931 12:00:00 AM,,,,,,,,,
Disaster,Natural,Meteorological - Hydrological,Wildfire,Haileybury ON,9/30/1922 12:00:00 AM,"Haileybury and northern region ON, September 30 - October 5 1922. 43 dead (unofficially as high as 150), 11,000 homeless, 5180 square kilometres burned.",43,0,11000,,,10/5/1922 12:00:00 AM,,,,,,,,0,0
Disaster,Natural,Meteorological - Hydrological,Wildfire,"Lac La Biche, Alberta",5/19/1919 12:00:00 AM,"On May 19th, a wildfire had just been spotted when it reached and burned the small community of Lac La Biche, AB. It was an ideal fire season for the area; the winter of 1919 had a low snowfall, followed by an early spring drought, and hot and dry conditions in May. Within hours, the entire community had burned  down, except for the local inn, church, train station and a few other buildings. Property damage and inventory losses were estimated to be over $200,000 (1919 CAD). This fire, however, was part of a larger complex that stretched to Prince Albert, SK, and Meadow Lake, SK (over 300 km east). In total, the fire burned over 2 million ha (20,000 km2) of forest. Indigenous lands and people were also deeply affected by this fire. For example, the fire reached a small Cree hunting party on Sekip Lake, SK, resulting in the death of 11 individuals, and the injury of 12 others.",11,12,,,,5/28/1919 12:00:00 AM,,,,,,,,,0
Disaster,Natural,Meteorological - Hydrological,Wildfire,Cochrane and Matheson ON,7/29/1916 12:00:00 AM,"Cochrane and Matheson ON, July 29, 1916. Both were destroyed;  233 deaths (unofficially as high as 400), 8000 made homeless; the fire resulted from a small blaze started by lightening and augmented by fires started by sparks from a passing locomotive.",233,0,8000,,,7/29/1916 12:00:00 AM,,,,,,,,0,0
Disaster,Natural,Meteorological - Hydrological,Wildfire,Cochrane ON,7/11/1911 12:00:00 AM,"Cochrane and northern region ON, July 11, 1911. A Forest fire resulted in 73 deaths (unofficially in the hundreds), 200 made homeless, 804,650 sq km destroyed.",73,0,200,,,7/11/1911 12:00:00 AM,,,,,,,,0,0
Disaster,Natural,Meteorological - Hydrological,Wildfire,"Southern Interior, British Columbia",7/1/1910 12:00:00 AM,"1910 was an exceptional fire season across parts of British Columbia including the Southern Interior. By July 20th, hundreds of government firefighters were working throughout the Southern Interior to save communities as well as mining and logging camps. For example, it is reported that 300 individuals were dispatched to protect Sandon, BC. Women and children in affected communities such as Sandon were evacuated by rescue train. Entire communities were reported to have burned such as Retallack (formerly Whitewater), Zincton, and McGuigan. Although reports are sparse, at least five individuals were killed, several more were missing, hundreds were evacuated and hundreds were left homeless.",5,0,0,,,9/1/1910 12:00:00 AM,,,,,,,,,
Disaster,Natural,Meteorological - Hydrological,Wildfire,"Hopewell Cape, New Brunswick",6/5/1903 12:00:00 AM,"In June of 1903, a wildfire burned the community of Hopewell Cape, NB, including the courthouse and 21 other buildings.",,,,,,6/5/1903 12:00:00 AM,,,,,,,,,0